Can you tell me about your products?;Ask
Do you have this product in stock?;Products in stock
How can I get more information about your products?;Ask
I want to know more about your GT products.;Gt Products
Is this product available for purchase?;Ask
I need to check if this product is in stock.;Products in stock
Is your product catalog updated?;Ask
I need to confirm the reception of my order.;Confirm reception?
Could you please confirm the reception of my order?;Confirm reception?
Can you confirm if my order has been received?;Confirm reception?
I need to make sure my order has been received correctly.;Confirm reception?
Am I speaking with customer support?;Who I am?
Who am I speaking with?;Who I am?
Can you confirm my order?;Confirm reception?
Is my order confirmed?;Confirm reception?
